date,text
2023/01/01,"""I love investing in stocks. The market is doing great!"""
2023/01/02,"""The company reported disappointing earnings."""
2023/01/03,"""New product launch boosts company shares."""
2023/01/04,"""The company announced its quarterly financial results, and there were no significant changes in the stock market."""
2023/01/05,"""The company reported disappointing earnings."""
2023/01/06,"""The company did very well this month"""
2023/01/07,"""The company did terribly"""
2023/01/08,"""Investors celebrate as the stock market hits record highs."""
2023/01/09,"""Economic uncertainties weigh on market sentiment."""
2023/01/10,"""Tech giants announce blockbuster quarterly earnings."""
2023/01/11,"""Global trade tensions impact stock prices."""
2023/01/12,"""Analysts predict a bullish trend in the coming weeks."""
2023/01/13,"""Federal Reserve's decision on interest rates influences market dynamics."""
2023/01/14,"""Merger and acquisition activity drives stock prices higher."""
2023/01/15,"""Investors remain cautious amid inflation concerns."""
2023/01/16,"""Renewable energy sector sees a surge in investment."""
2023/01/17,"""Market experiences a correction following a prolonged bull run."""
2023/01/18,"""Unexpected economic data sparks optimism in the financial markets."""
2023/01/19,"""Corporate restructuring plan boosts investor confidence."""
2023/01/20,"""It’s a good day in the stock market"""
2023/01/21,"""Tech stocks soar as new product releases exceed expectations."""
2023/01/22,"""The Federal Reserve hints at a possible interest rate hike."""
2023/01/23,"""Global economic slowdown prompts a sell-off in equities."""
2023/01/24,"""Investors remain cautious ahead of quarterly earnings reports."""
2023/01/25,"""Government stimulus measures bolster consumer confidence."""
2023/01/26,"""Cryptocurrency market experiences a sharp correction."""
2023/01/27,"""Trade negotiations between major economies reach a deadlock."""
2023/01/28,"""Analysts anticipate a bearish trend amid rising inflation."""
2023/01/29,"""Biotech sector sees a surge in M&A activity."""
2023/01/30,"""Market reacts positively to strong job market data."""
2023/01/31,"""Automaker stocks plummet following a supply chain disruption."""
2023/02/01,"""Investors show optimism as vaccine distribution accelerates."""
2023/02/02,"""Unexpected political developments impact currency exchange rates."""
2023/02/03,"""Technology sector faces headwinds due to regulatory concerns."""
2023/02/04,"""Positive retail sales data boosts hopes for economic recovery."""
2023/02/05,"""Energy companies struggle amid falling oil prices."""
2023/02/06,"""Investors flock to safe-haven assets amid geopolitical tensions."""
2023/02/07,"""Renewed trade optimism lifts stock markets."""
2023/02/08,"""Central bank intervention stabilizes currency markets."""
2023/02/09,"""Consumer spending surge fuels optimism in retail stocks."""
2023/02/10,"""Startups in the fintech space attract record-breaking investments."""
2023/02/11,"""Real estate market shows resilience despite economic challenges."""
2023/02/12,"""Investors brace for volatility as earnings season approaches."""
2023/02/13,"""Rising commodity prices drive gains in the materials sector."""
2023/02/14,"""The pharmaceutical industry faces scrutiny over drug pricing."""
2023/02/15,"""Currency markets react to central bank policy divergence."""
2023/02/16,"""Tech industry leaders testify before Congress on antitrust issues."""
2023/02/17,"""Supply chain disruptions impact manufacturing sector profits."""
2023/02/18,"""Government infrastructure spending boosts construction stocks."""
2023/02/19,"""Investors monitor the yield curve for signs of an economic slowdown."""
2023/02/20,"""Global shipping crisis affects logistics and transportation stocks."""
2023/02/21,"""Sudden executive shakeup triggers uncertainty in a major corporation."""
2023/02/22,"""Consumer tech companies announce collaborations for innovation."""
2023/02/23,"""Climate change initiatives drive investments in sustainable funds."""
2023/02/24,"""Renewed trade agreements result in optimism for export-oriented companies."""
2023/02/25,"""Biopharmaceutical breakthroughs lead to a surge in healthcare stocks."""
2023/02/26,"""Rumors of a potential merger create speculation in the telecommunications sector."""
2023/02/27,"""Labor market challenges contribute to workforce-related policy discussions."""
2023/02/28,"""Renewed inflation concerns lead to a sell-off in bond markets."""
2023/03/01,Major cybersecurity breach raises concerns in the tech industry.
2023/03/02,Central bank announces unexpected interest rate cut.
2023/03/03,Environmental regulations impact energy sector profitability.
2023/03/04,Telecom stocks surge as 5G rollout gains momentum.
2023/03/05,Biotech company unveils groundbreaking treatment results.
2023/03/06,"Global supply chain disruptions continue, affecting multiple industries."
2023/03/07,Renewed trade tensions lead to a decline in export-oriented stocks.
2023/03/08,Auto industry faces challenges amid semiconductor shortage.
2023/03/09,Social media giant faces antitrust investigations.
2023/03/10,Real estate market sees increased demand in urban areas.
2023/03/11,Renewable energy breakthrough sparks investor interest.
2023/03/12,Unexpected political stability boosts investor confidence.
2023/03/13,Pharmaceutical companies collaborate on a new vaccine development.
2023/03/14,"Government announces infrastructure spending plan, benefiting construction stocks."
2023/03/15,Retail giants experience a surge in online sales.
2023/03/16,Volatility index hits a new high amid market uncertainties.
2023/03/17,Consumer electronics sector sees a decline in demand.
2023/03/18,Tech companies face legal challenges over data privacy concerns.
2023/03/19,Banking sector shows resilience despite economic downturn.
2023/03/20,Global economic recovery positively impacts commodity prices.
2023/03/21,AI advancements drive innovation in the technology sector.
2023/03/22,Natural disaster impacts insurance stocks as claims surge.
2023/03/23,Renewed trade talks result in optimism for international markets.
2023/03/24,Space exploration companies attract significant investments.
2023/03/25,Healthcare sector grapples with rising costs and regulatory changes.
2023/03/26,"Consumer preferences shift, impacting food and beverage stocks."
2023/03/27,"Government announces tax cuts, boosting corporate profits."
2023/03/28,"Automaker announces plans to go fully electric, reshaping the industry."
2023/03/29,Renewed focus on green initiatives benefits sustainable energy stocks.
2023/03/30,"Major retailer faces backlash over labor practices, impacting stock value."
2023/03/31,Blockchain technology adoption leads to increased interest in crypto assets.
2023/04/01,Telemedicine companies experience a surge in demand.
2023/04/02,Global economic indicators point towards a potential recession.
2023/04/03,Tech stocks face headwinds as regulatory scrutiny intensifies.
2023/04/04,Biopharmaceutical company faces FDA approval delays.
2023/04/05,Renewed optimism in the travel industry boosts hospitality stocks.
2023/04/06,"Government announces tax increases, causing a sell-off in financial stocks."
2023/04/07,New trade agreements open up opportunities for international expansion.
2023/04/08,Automaker recalls impact stock prices as production halts.
2023/04/09,Renewable energy subsidies spur growth in the clean energy sector.
2023/04/10,Tech industry leaders testify before Congress on cybersecurity risks.
2023/04/11,"Government announces new stimulus package, lifting market sentiment."
2023/04/12,Retail sector faces challenges with supply chain disruptions.
2023/04/13,"Media conglomerate announces major restructuring, affecting stock value."
2023/04/14,Financial sector braces for impact as interest rates remain unchanged.
2023/04/15,Startups in the space exploration industry attract venture capital funding.
2023/04/16,Global economic slowdown leads to a decline in manufacturing output.
2023/04/17,Renewable energy company faces criticism over environmental practices.
2023/04/18,Automaker announces breakthrough in autonomous vehicle technology.
2023/04/19,"Biotech company faces patent disputes, impacting stock performance."
2023/04/20,Tech companies collaborate on a new industry-wide cybersecurity initiative.
2023/04/21,"Government announces crackdown on monopolistic practices, affecting tech stocks."
2023/04/22,Social unrest leads to a decline in consumer confidence and retail sales.
2023/04/23,Global shipping industry faces challenges with port closures.
2023/04/24,Unexpected breakthrough in AI research drives gains in tech stocks.
2023/04/25,Healthcare sector sees increased demand for telehealth services.
2023/04/26,Government unveils plan for increased investment in infrastructure projects.
2023/04/27,Automaker announces partnership with tech company for self-driving technology.
2023/04/28,Renewed trade tensions between major economies impact global markets.
2023/04/29,Environmental disasters prompt increased investment in disaster recovery technology.
2023/04/30,Pharmaceutical industry faces increased scrutiny over pricing practices.
2023/05/01,Telecom companies announce plans for widespread 5G network deployment.
2023/05/02,Renewed focus on sustainable practices boosts ESG-oriented investments.
2023/05/03,Retail sector rebounds as consumer spending shows signs of recovery.
2023/05/04,Global economic indicators point towards a period of economic expansion.
2023/05/05,"""Tech companies revolutionize healthcare with groundbreaking AI-driven diagnostics."""
2023/05/06,"""Government announces unexpected interest rate hike, causing concerns in the financial sector."""
2023/05/07,"""Renewable energy breakthrough sparks unprecedented investor interest."""
2023/05/08,"""Biotech company unveils revolutionary treatment, driving healthcare stocks to new highs."""
2023/05/09,"""Automaker faces major setbacks in electric vehicle production, impacting stock prices negatively."""
2023/05/10,"""Global economic recovery fuels optimism, leading to a surge in emerging market investments."""
2023/05/11,"""Telecom stocks skyrocket as 5G rollout gains unprecedented momentum."""
2023/05/12,"""Consumer demand for electric vehicles propels battery stocks to record levels."""
2023/05/13,"""Social media platforms implement robust measures to combat online misinformation."""
2023/05/14,"""Renewed interest in space tourism results in substantial investments in aerospace."""
2023/05/15,"""Financial sector faces significant challenges amid economic downturn."""
2023/05/16,"""Tech industry leaders testify before Congress on cybersecurity risks."""
2023/05/17,"""Healthtech startups face setbacks in remote patient monitoring innovation."""
2023/05/18,"""Government unveils plan for increased investment in coal-based energy projects."""
2023/05/19,"""Automaker recalls impact stock prices as production halts due to safety concerns."""
2023/05/20,"""Blockchain technology faces increased scrutiny over security and privacy concerns."""
2023/05/21,"""Telemedicine platforms struggle to meet demand, leading to service disruptions."""
2023/05/22,"""Global economic indicators point towards a potential recession."""
2023/05/23,"""Tech stocks face headwinds as regulatory scrutiny intensifies."""
2023/05/24,"""Biopharmaceutical company faces FDA approval delays, impacting stock performance negatively."""
2023/05/25,"""Automaker announces breakthrough in autonomous vehicle technology."""
2023/05/26,"""Biotech sector sees a surge in M&A activity, driving stock prices higher."""
2023/05/27,"""Global shipping crisis affects logistics and transportation stocks negatively."""
2023/05/28,"""Government stimulus measures bolster consumer confidence positively."""
2023/05/29,"""Cryptocurrency market experiences a sharp correction, causing concerns among investors."""
2023/05/30,"""Trade negotiations between major economies reach a deadlock, impacting stock prices negatively."""
2023/05/31,"""Analysts anticipate a bearish trend amid rising inflation."""
2023/06/01,"""Biotech sector sees a surge in M&A activity."""
2023/06/02,"""Market reacts positively to strong job market data."""
2023/06/03,"""Automaker stocks plummet following a supply chain disruption."""
2023/06/04,"""Investors show optimism as vaccine distribution accelerates."""
2023/06/05,"""Unexpected political developments impact currency exchange rates negatively."""
2023/06/06,"""Technology sector faces headwinds due to regulatory concerns."""
2023/06/07,"""Positive retail sales data boosts hopes for economic recovery."""
2023/06/08,"""Energy companies struggle amid falling oil prices."""
2023/06/09,"""Investors flock to safe-haven assets amid geopolitical tensions."""
2023/06/10,"""Renewed trade optimism lifts stock markets."""
2023/06/11,"""Central bank intervention stabilizes currency markets."""
2023/06/12,"""Consumer spending surge fuels optimism in retail stocks."""
2023/06/13,"""Startups in the fintech space attract record-breaking investments."""
2023/06/14,"""Real estate market shows resilience despite economic challenges."""
2023/06/15,"""Investors brace for volatility as earnings season approaches."""
2023/06/16,"""Rising commodity prices drive gains in the materials sector."""
2023/06/17,"""The pharmaceutical industry faces scrutiny over drug pricing."""
2023/06/18,"""Currency markets react to central bank policy divergence."""
2023/06/19,"""Tech industry leaders testify before Congress on antitrust issues."""
2023/06/20,"""Supply chain disruptions impact manufacturing sector profits negatively."""
2023/06/21,"""Government infrastructure spending boosts construction stocks positively."""
2023/06/22,"""Investors monitor the yield curve for signs of an economic slowdown."""
2023/06/23,"""Global shipping crisis affects logistics and transportation stocks negatively."""
2023/06/24,"""Sudden executive shakeup triggers uncertainty in a major corporation."""
2023/06/25,"""Consumer tech companies announce collaborations for innovation."""
2023/06/26,"""Climate change initiatives drive investments in sustainable funds."""
2023/06/27,"""Renewed trade agreements result in optimism for export-oriented companies."""
2023/06/28,"""Biopharmaceutical breakthroughs lead to a surge in healthcare stocks."""
2023/06/29,"""Rumors of a potential merger create speculation in the telecommunications sector."""
2023/06/30,"""Labor market challenges contribute to workforce-related policy discussions."""
2023/07/01,"""Renewed inflation concerns lead to a sell-off in bond markets."""
2023/07/02,"""Major cybersecurity breach raises concerns in the tech industry negatively."""
2023/07/03,"""Central bank announces unexpected interest rate cut."""
2023/07/04,"""Environmental regulations impact energy sector profitability negatively."""
2023/07/05,"""Telecom stocks surge as 5G rollout gains momentum."""
2023/07/06,"""Biotech company unveils groundbreaking treatment results positively."""
2023/07/07,"""Global supply chain disruptions continue, affecting multiple industries negatively."""
2023/07/08,"""Renewed trade tensions lead to a decline in export-oriented stocks negatively."""
2023/07/09,"""Auto industry faces challenges amid semiconductor shortage negatively."""
2023/07/10,"""Social media giant faces antitrust investigations negatively."""
2023/07/11,"""Real estate market sees increased demand in urban areas positively."""
2023/07/12,"""Renewable energy breakthrough sparks investor interest positively."""
2023/07/13,"""Unexpected political stability boosts investor confidence positively."""
2023/07/14,"""Pharmaceutical companies collaborate on a new vaccine development positively."""
2023/07/15,"""Government announces infrastructure spending plan, benefiting construction stocks positively."""
2023/07/16,"""Retail giants experience a surge in online sales positively."""
2023/07/17,"""Volatility index hits a new high amid market uncertainties negatively."""
2023/07/18,"""Consumer electronics sector sees a decline in demand negatively."""
2023/07/19,"""Tech companies face legal challenges over data privacy concerns negatively."""
2023/07/20,"""Banking sector shows resilience despite economic downturn positively."""
2023/07/21,"""Global economic recovery positively impacts commodity prices positively."""
2023/07/22,"""AI advancements drive innovation in the technology sector positively."""
2023/07/23,"""Natural disaster impacts insurance stocks as claims surge negatively."""
2023/07/24,"""Renewed trade talks result in optimism for international markets positively."""
2023/07/25,"""Space exploration companies attract significant investments positively."""
2023/07/26,"""Healthcare sector grapples with rising costs and regulatory changes negatively."""
2023/07/27,"""Consumer preferences shift, impacting food and beverage stocks positively."""
2023/07/28,"""Government announces tax cuts, boosting corporate profits positively."""
2023/07/29,"""Automaker announces plans to go fully electric, reshaping the industry positively."""
2023/07/30,"""Renewed focus on green initiatives benefits sustainable energy stocks positively."""
2023/07/31,"""Major retailer faces backlash over labor practices, impacting stock value negatively."""
2023/08/01,"""Blockchain technology adoption leads to increased interest in crypto assets positively."""
2023/08/02,"""Telemedicine companies experience a surge in demand positively."""
2023/08/03,"""Global economic indicators point towards a potential recession negatively."""
2023/08/04,"""Tech stocks face headwinds as regulatory scrutiny intensifies negatively."""
2023/08/05,"""Biopharmaceutical company faces FDA approval delays negatively."""
2023/08/06,"""Renewed optimism in the travel industry boosts hospitality stocks positively."""
2023/08/07,"""Government announces tax increases, causing a sell-off in financial stocks negatively."""
2023/08/08,"""New trade agreements open up opportunities for international expansion positively."""
2023/08/09,"""Automaker recalls impact stock prices as production halts negatively."""
2023/08/10,"""Renewable energy subsidies spur growth in the clean energy sector positively."""
2023/08/11,"""Tech industry leaders testify before Congress on cybersecurity risks negatively."""
2023/08/12,"""Government announces new stimulus package, lifting market sentiment positively."""
2023/08/13,"""Retail sector faces challenges with supply chain disruptions negatively."""
2023/08/14,"""Media conglomerate announces major restructuring, affecting stock value negatively."""
2023/08/15,"""Financial sector braces for impact as interest rates remain unchanged positively."""
2023/08/16,"""Startups in the space exploration industry attract venture capital funding positively."""
2023/08/17,"""Global economic slowdown leads to a decline in manufacturing output negatively."""
2023/08/18,"""Renewable energy company faces criticism over environmental practices negatively."""
2023/08/19,"""Automaker announces breakthrough in autonomous vehicle technology positively."""
2023/08/20,"""Biotech company faces patent disputes, impacting stock performance negatively."""
2023/08/21,"""Tech companies collaborate on a new industry-wide cybersecurity initiative positively."""
2023/08/22,"""Government announces crackdown on monopolistic practices, affecting tech stocks negatively."""
2023/08/23,"""Social unrest leads to a decline in consumer confidence and retail sales negatively."""
2023/08/24,"""Global shipping industry faces challenges with port closures negatively."""
2023/08/25,"""Unexpected breakthrough in AI research drives gains in tech stocks positively."""
2023/08/26,"""Healthcare sector sees increased demand for telehealth services positively."""
2023/08/27,"""Government unveils plan for increased investment in infrastructure projects positively."""
2023/08/28,"""Automaker announces partnership with tech company for self-driving technology positively."""
2023/08/29,"""Renewed trade tensions between major economies impact global markets negatively."""
2023/08/30,"""Environmental disasters prompt increased investment in disaster recovery technology positively."""
2023/08/31,"""Pharmaceutical industry faces increased scrutiny over pricing practices negatively."""
2023/09/01,"""Telecom companies announce plans for widespread 5G network deployment positively."""
2023/09/02,"""Renewed focus on sustainable practices boosts ESG-oriented investments positively."""
2023/09/03,"""Retail sector rebounds as consumer spending shows signs of recovery positively."""
2023/09/04,"""Global economic indicators point towards a period of economic expansion positively."""
2023/09/05,"""Tech companies unveil revolutionary breakthroughs in healthcare diagnostics."""
2023/09/06,"""Central bank surprises with an unexpected interest rate cut, sparking concerns."""
2023/09/07,"""Clean energy innovations transform the renewable power sector positively."""
2023/09/08,"""Biotech pioneers reveal groundbreaking therapy, driving healthcare stocks to record highs."""
2023/09/09,"""Automaker faces unprecedented challenges in electric vehicle production, impacting stocks negatively."""
2023/09/10,"""Global economic resurgence fuels an overwhelming wave of optimism, driving investments in emerging markets."""
2023/09/11,"""Telecom stocks soar to new heights as 5G rollout gains unstoppable momentum."""
2023/09/12,"""Surging demand for electric vehicles propels battery stocks to unparalleled levels."""
2023/09/13,"""Social media platforms implement cutting-edge measures to combat online misinformation positively."""
2023/09/14,"""Space tourism gains overwhelming investor interest, attracting substantial investments."""
2023/09/15,"""Financial sector grapples with significant challenges amid economic headwinds negatively."""
2023/09/16,"""Tech industry leaders testify before Congress on unprecedented cybersecurity risks."""
2023/09/17,"""Healthtech startups face monumental breakthroughs in remote patient monitoring innovation."""
2023/09/18,"""Government unveils a comprehensive plan for increased investment in renewable energy positively."""
2023/09/19,"""Automaker recalls disrupt stock prices as production halts due to safety concerns."""
2023/09/20,"""Blockchain technology faces heightened scrutiny over security and privacy concerns."""
2023/09/21,"""Telemedicine platforms strive to meet soaring demand, leading to service excellence positively."""
2023/09/22,"""Global economic indicators signal potential recession concerns negatively."""
2023/09/23,"""Tech stocks confront headwinds as regulatory scrutiny intensifies negatively."""
2023/09/24,"""Biopharmaceutical company grapples with FDA approval delays, impacting stock performance negatively."""
2023/09/25,"""Automaker announces breakthrough in autonomous vehicle technology positively."""
2023/09/26,"""Biotech sector experiences an unprecedented surge in M&A activity, driving stock prices higher positively."""
2023/09/27,"""Global shipping crisis escalates, negatively impacting logistics and transportation stocks."""
2023/09/28,"""Government stimulus measures boost consumer confidence significantly positively."""
2023/09/29,"""Cryptocurrency market undergoes a sharp correction, causing concerns among investors negatively."""
2023/09/30,"""Trade negotiations stall, leading to a decline in stock prices negatively."""
2023/10/01,"""Analysts predict a bearish trend amid escalating inflation negatively."""
2023/10/02,"""Biotech sector witnesses an extraordinary surge in M&A activity, driving stock prices higher."""
2023/10/03,"""Market reacts positively to robust job market data, leading to increased optimism positively."""
2023/10/04,"""Automaker stocks plummet following a supply chain disruption negatively."""
2023/10/05,"""Investors show optimism as vaccine distribution accelerates positively."""
2023/10/06,"""Unexpected political developments impact currency exchange rates negatively."""
2023/10/07,"""Technology sector faces headwinds due to regulatory concerns negatively."""
2023/10/08,"""Positive retail sales data boosts hopes for economic recovery positively."""
2023/10/09,"""Energy companies struggle amid falling oil prices negatively."""
2023/10/10,"""Investors flock to safe-haven assets amid geopolitical tensions negatively."""
2023/10/11,"""Renewed trade optimism lifts stock markets positively."""
2023/10/12,"""Central bank intervention stabilizes currency markets positively."""
2023/10/13,"""Consumer spending surge fuels optimism in retail stocks positively."""
2023/10/14,"""Startups in the fintech space attract record-breaking investments positively."""
2023/10/15,"""Real estate market shows resilience despite economic challenges positively."""
2023/10/16,"""Investors brace for volatility as earnings season approaches negatively."""
2023/10/17,"""Rising commodity prices drive gains in the materials sector positively."""
2023/10/18,"""The pharmaceutical industry faces scrutiny over drug pricing negatively."""
2023/10/19,"""Currency markets react to central bank policy divergence negatively."""
2023/10/20,"""Tech industry leaders testify before Congress on antitrust issues negatively."""
2023/10/21,"""Supply chain disruptions impact manufacturing sector profits negatively."""
2023/10/22,"""Government infrastructure spending boosts construction stocks positively."""
2023/10/23,"""Investors monitor the yield curve for signs of an economic slowdown negatively."""
2023/10/24,"""Global shipping crisis affects logistics and transportation stocks negatively."""
2023/10/25,"""Sudden executive shakeup triggers uncertainty in a major corporation negatively."""
2023/10/26,"""Consumer tech companies announce collaborations for innovation positively."""
2023/10/27,"""Climate change initiatives drive investments in sustainable funds positively."""
2023/10/28,"""Renewed trade agreements result in optimism for export-oriented companies positively."""
2023/10/29,"""Biopharmaceutical breakthroughs lead to a surge in healthcare stocks positively."""
2023/10/30,"""Rumors of a potential merger create speculation in the telecommunications sector positively."""
2023/10/31,"""Labor market challenges contribute to workforce-related policy discussions positively."""
2023/11/01,"""Renewed inflation concerns lead to a sell-off in bond markets negatively."""
2023/11/02,"""Major cybersecurity breach raises concerns in the tech industry negatively."""
2023/11/03,"""Central bank announces unexpected interest rate cut positively."""
2023/11/04,"""Environmental regulations impact energy sector profitability negatively."""
2023/11/05,"""Telecom stocks surge as 5G rollout gains momentum positively."""
2023/11/06,"""Biotech company unveils groundbreaking treatment results positively."""
2023/11/07,"""Global supply chain disruptions continue, affecting multiple industries negatively."""
2023/11/08,"""Renewed trade tensions lead to a decline in export-oriented stocks negatively."""
2023/11/09,"""Auto industry faces challenges amid semiconductor shortage negatively."""
2023/11/10,"""Social media giant faces antitrust investigations negatively."""
2023/11/11,"""Real estate market sees increased demand in urban areas positively."""
2023/11/12,"""Renewable energy breakthrough sparks investor interest positively."""
2023/11/13,"""Unexpected political stability boosts investor confidence positively."""
2023/11/14,"""Pharmaceutical companies collaborate on a new vaccine development positively."""
2023/11/15,"""Government announces infrastructure spending plan, benefiting construction stocks positively."""
2023/11/16,"""Retail giants experience a surge in online sales positively."""
2023/11/17,"""Volatility index hits a new high amid market uncertainties negatively."""
2023/11/18,"""Consumer electronics sector sees a decline in demand negatively."""
2023/11/19,"""Tech companies face legal challenges over data privacy concerns negatively."""
2023/11/20,"""Banking sector shows resilience despite economic downturn positively."""
2023/11/21,"""Global economic recovery positively impacts commodity prices positively."""
2023/11/22,"""AI advancements drive innovation in the technology sector positively."""
2023/11/23,"""Natural disaster impacts insurance stocks as claims surge negatively."""
2023/11/24,"""Renewed trade talks result in optimism for international markets positively."""
2023/11/25,"""Space exploration companies attract significant investments positively."""
2023/11/26,"""Healthcare sector grapples with rising costs and regulatory changes negatively."""
2023/11/27,"""Consumer preferences shift, impacting food and beverage stocks positively."""
2023/11/28,"""Government announces tax cuts, boosting corporate profits positively."""
2023/11/29,"""Automaker announces plans to go fully electric, reshaping the industry positively."""
2023/11/30,"""Renewed focus on green initiatives benefits sustainable energy stocks positively."""
2023/12/01,"""Major retailer faces backlash over labor practices, impacting stock value negatively."""
2023/12/02,"""Blockchain technology adoption leads to increased interest in crypto assets positively."""
2023/12/03,"""Telemedicine companies experience a surge in demand positively."""
2023/12/04,"""Global economic indicators point towards a potential recession negatively."""
2023/12/05,"""Tech stocks face headwinds as regulatory scrutiny intensifies negatively."""
2023/12/06,"""Biopharmaceutical company faces FDA approval delays negatively."""
2023/12/07,"""Renewed optimism in the travel industry boosts hospitality stocks positively."""
2023/12/08,"""Government announces tax increases, causing a sell-off in financial stocks negatively."""
2023/12/09,"""New trade agreements open up opportunities for international expansion positively."""
2023/12/10,"""Automaker recalls impact stock prices as production halts negatively."""
2023/12/11,"""Renewable energy subsidies spur growth in the clean energy sector positively."""
2023/12/12,"""Tech industry leaders testify before Congress on cybersecurity risks negatively."""
2023/12/13,"""Government announces new stimulus package, lifting market sentiment positively."""
2023/12/14,"""Retail sector faces challenges with supply chain disruptions negatively."""
2023/12/15,"""Media conglomerate announces major restructuring, affecting stock value negatively."""
2023/12/16,"""Financial sector braces for impact as interest rates remain unchanged positively."""
2023/12/17,"""Startups in the space exploration industry attract venture capital funding positively."""
2023/12/18,"""Global economic slowdown leads to a decline in manufacturing output negatively."""
2023/12/19,"""Renewable energy company faces criticism over environmental practices negatively."""
2023/12/20,"""Automaker announces breakthrough in autonomous vehicle technology positively."""
2023/12/21,"""Biotech company faces patent disputes, impacting stock performance negatively."""
2023/12/22,"""Tech companies collaborate on a new industry-wide cybersecurity initiative positively."""
2023/12/23,"""Government announces crackdown on monopolistic practices, affecting tech stocks negatively."""
2023/12/24,"""Social unrest leads to a decline in consumer confidence and retail sales negatively."""
2023/12/25,"""Global shipping industry faces challenges with port closures negatively."""
2023/12/26,"""Unexpected breakthrough in AI research drives gains in tech stocks positively."""
2023/12/27,"""Healthcare sector sees increased demand for telehealth services positively."""
2023/12/28,"""Government unveils plan for increased investment in infrastructure projects positively."""
2023/12/29,"""Automaker announces partnership with tech company for self-driving technology positively."""
2023/12/30,"""Renewed trade tensions between major economies impact global markets negatively."""
2023/12/31,"""Environmental disasters prompt increased investment in disaster recovery technology positively."""
2024/01/01,"""Pharmaceutical industry faces increased scrutiny over pricing practices negatively."""
2024/01/02,"""Telecom companies announce plans for widespread 5G network deployment positively."""
2024/01/03,"""Renewed focus on sustainable practices boosts ESG-oriented investments positively."""
2024/01/04,"""Retail sector rebounds as consumer spending shows signs of recovery positively."""
2024/01/05,"""Global economic indicators point towards a period of economic expansion positively."""
2024/01/06,"""Major cybersecurity breach raises concerns in the tech industry negatively."""
2024/01/07,"""Central bank announces unexpected interest rate cut positively."""
2024/01/08,"""Environmental regulations impact energy sector profitability negatively."""
2024/01/09,"""Telecom stocks surge as 5G rollout gains momentum positively."""
2024/01/10,"""Biotech company unveils groundbreaking treatment results positively."""
2024/01/11,"""Global supply chain disruptions continue, affecting multiple industries negatively."""
2024/01/12,"""Renewed trade tensions lead to a decline in export-oriented stocks negatively."""
2024/01/13,"""Auto industry faces challenges amid semiconductor shortage negatively."""
2024/01/14,"""Social media giant faces antitrust investigations negatively."""
2024/01/15,"""Real estate market sees increased demand in urban areas positively."""
2024/01/16,"""Renewable energy breakthrough sparks investor interest positively."""
2024/01/17,"""Unexpected political stability boosts investor confidence positively."""
2024/01/18,"""Pharmaceutical companies collaborate on a new vaccine development positively."""
2024/01/19,"""Government announces infrastructure spending plan, benefiting construction stocks positively."""
2024/01/20,"""Retail giants experience a surge in online sales positively."""
2024/01/21,"""Volatility index hits a new high amid market uncertainties negatively."""
2024/01/22,"""Consumer electronics sector sees a decline in demand negatively."""
2024/01/23,"""Tech companies face legal challenges over data privacy concerns negatively."""
2024/01/24,"""Banking sector shows resilience despite economic downturn positively."""
2024/01/25,"""Global economic recovery positively impacts commodity prices positively."""
2024/01/26,"""AI advancements drive innovation in the technology sector positively."""
2024/01/27,"""Natural disaster impacts insurance stocks as claims surge negatively."""
2024/01/28,"""Renewed trade talks result in optimism for international markets positively."""
2024/01/29,"""Space exploration companies attract significant investments positively."""
2024/01/30,"""Healthcare sector grapples with rising costs and regulatory changes negatively."""
